asset,actual_lots,actual_notional,floating_pnl,n_positions,effective_weight_notional
ES,2.0,681037.5,14275.0,2.0,0.7033636696004577
NQ,0.0,0.0,0.0,0.0,0.0
RTY,1.0,132005.0,4750.0,1.0,0.13633246510744038
ZN,0.0,0.0,0.0,0.0,0.0
GC,0.0,0.0,0.0,0.0,0.0
SI,0.0,0.0,0.0,0.0,0.0
